Column1,V1,V2,V3,V4,V5,V6,V7,V8,V9,V10,V11,V12,V13,V14,V15,V16,V17,V18,V19,V20,V21,V22,V23,V24,V25,V26,V27,V28,V29,V30,V31,V32,V33,V34,V35,V36,V37,V38,V39,V40,V41,V42,V43,V44,V45,V46,V47,V48,V49,V50,V51,V52,V53,V54,V55,V56,V57,V58,V59,V60,V61,V62,V63,V64,V65,V66,V67,V68,V69,V70,V71,V72,V73,V74,V75,V76,V77,V78,V79,V80,V81,V82,V83,V84,V85,V86,V87,V88,V89,V90,V91,V92,V93,V94,V95,V96,V97,V98,V99,V100
1.0,0.4781226284007733,0.6014391712155563,0.6272664827518429,0.6162543350393483,0.448933302036069,0.4376480777950897,0.6018243109179336,0.6123075564741186,0.553452004415913,0.4025011947928527,0.34615481418558436,0.3968846229117397,0.7561738074754453,0.6246680724701811,0.487685564554716,0.6195383590365816,0.539486683047527,0.7160339815856663,0.44323180196192236,0.4861451680732703,0.5083306111795144,0.6323692000957951,0.5654800519145561,0.7235815117166647,0.4845868827061867,0.6074312979361947,0.4161629822074764,0.5361345691777734,0.336494335154847,0.43599321407781694,0.674157230633604,0.6301609905650897,0.56740333051508,0.5861210663875961,0.5997608471423043,0.4903237790733613,0.6956747157722689,0.5608409037320218,0.6157023579854384,0.5408363527834984,0.37973765924076863,0.528477110347181,0.610945793582224,0.6087257458223317,0.5133999027651394,0.6716896916099827,0.519728708762912,0.656207031922945,0.5423504264718343,0.5965291331569667,0.5428867908299334,0.5830061770889123,0.5221468659033033,0.555243825536094,0.4691083821216043,0.5691208821191119,0.664077699789355,0.577626701754508,0.6927060182712849,0.6398555858714713,0.5639622660364083,0.5793921736283886,0.6113044490649073,0.46649865952989406,0.6271078304769571,0.309554425896935,0.5459620307015434,0.6554073394657897,0.46486844444921327,0.5964433077666006,0.6369565045626987,0.5250571585751089,0.6404055623981669,0.48837526243676804,0.5384497792719173,0.4997473719919247,0.5381943219048607,0.5458887749363796,0.591806930371391,0.5151546370122011,0.5525531562630918,0.4594716460818116,0.45396882253079474,0.5219375800752784,0.524757706955822,0.5602330299496571,0.6174080536421916,0.5409545475295258,0.6215133914364687,0.6487792295175523,0.5572382853688124,0.680484933560241,0.5982826558918637,0.468781051449878,0.5152978865646087,0.5021747148697897,0.6587150986616003,0.5466060464944137,0.539085395475152,0.5863357836539057
2.0,0.5562363706351503,0.6982809645162157,0.635739512522595,0.6432396311322933,0.5979258998872438,0.499320079307399,0.614030709761337,0.6848084123370074,0.5582460750484887,0.4742285294796587,0.30540219233624133,0.44923948177092504,0.7646213823557407,0.6713738965882823,0.5435673850249491,0.6630512711058177,0.5912232117582944,0.7016139087532237,0.497652384085721,0.5588586495215236,0.5410862847542727,0.6048977569494532,0.6433008946055706,0.7272702029518386,0.489182447753663,0.6219065996746437,0.5275536582657624,0.628330406552824,0.4149778956777477,0.5011037963993713,0.691511661955071,0.6981976885540657,0.6143257187735309,0.596030750939534,0.6621371411000834,0.478921772041417,0.7247827777699017,0.601248762210815,0.7103920290896371,0.544872563459851,0.5225284735249417,0.6096319482139076,0.7000316164923154,0.6489994764688393,0.607522180008467,0.7102044310261709,0.585204252169801,0.7089931972775876,0.6708899528111476,0.6301751312322583,0.540357064959653,0.633597249143907,0.5888460205790498,0.6139911766710839,0.4955659050039363,0.6326576566770323,0.7274597983599533,0.6384662413988527,0.774918210119124,0.6081320963371997,0.6335141631832134,0.6134809569809327,0.6689884950910235,0.5937494690857613,0.6068456986621803,0.45980170527068637,0.4892185437804069,0.710627105807454,0.5397360862962863,0.6461177835843236,0.6384560526197287,0.6116862772598136,0.7122203960304224,0.5371795486132457,0.5714631718966083,0.519720797020812,0.6189172614212303,0.6062690132538537,0.5971439762090921,0.5716117453592576,0.5933249569353184,0.5417668423194296,0.6152024288727627,0.630839540671857,0.6063387515411183,0.5596327970673923,0.7228131111590517,0.601478554716477,0.6678933888432766,0.6613953490070493,0.5904058425963891,0.7056411295506653,0.6183860004795384,0.5161786577051369,0.5488218899060963,0.5771494004121159,0.658690546257946,0.562035391454606,0.581679147092196,0.7259714066602486
3.0,0.585258670609929,0.6812799707320947,0.6520385555771907,0.7113114620700905,0.6463863947060197,0.490270058046429,0.6653659186291879,0.7223780021460047,0.619533210352137,0.49650851099332,0.405584417097381,0.533635702118244,0.7638116006840733,0.6751098091791187,0.5366622825289337,0.684949123464531,0.6364459263538446,0.7413319782239235,0.569229784931391,0.6200291424214296,0.659415823951923,0.6556455765832784,0.679915711986661,0.742069483317357,0.6270193322392857,0.662377754158627,0.6294287384896733,0.613766602261346,0.4999572518240643,0.48879360224610163,0.672296433785562,0.7392311997661384,0.6665299849550377,0.648980695758547,0.662893318097471,0.5129968157210364,0.7623438134010586,0.7240585878896649,0.7789357438450201,0.6125003813400264,0.6178360691788868,0.74715171967783,0.7137217051203573,0.7066559926163535,0.66954258071662,0.745714233590341,0.7015295942363546,0.6248195294231026,0.7095998814069636,0.7199256340843544,0.6312020723149537,0.6702595908752844,0.6495109222960673,0.6037684228293737,0.540518940125346,0.7023031258243853,0.7100461759279176,0.7641030452238966,0.7285602092963837,0.6952133159181314,0.6828313985676937,0.673699471246429,0.6184857013355773,0.5789002020642807,0.6320199025513137,0.5706564025563307,0.5553513681924033,0.8374352954191916,0.6250359787235663,0.760901782414147,0.6965818218751196,0.5688323691179393,0.6969314739200997,0.560295245797231,0.5948226254144312,0.561442075202308,0.6254503473191977,0.6698573980674221,0.6216590866076691,0.6373722797385503,0.646153816427855,0.6134377037439159,0.6960853895367061,0.6792554061200063,0.6843686999913801,0.5794633184345858,0.7566169256044634,0.6769277394031353,0.739063882870718,0.6622145808265266,0.6242309903883491,0.7444693969241666,0.6480403481667083,0.524010356470241,0.587922910726228,0.6315055508710734,0.6335454055947827,0.6473476919129344,0.668392086620844,0.8377013201933359
4.0,0.6395291454597644,0.7211917606080193,0.6627333495341873,0.7074837433603604,0.7380862761855495,0.5651651099835527,0.6652875238972024,0.7145538445647693,0.6018270627460552,0.5222979338540797,0.4712978848205003,0.6182942110892671,0.7570194205814049,0.615739009642886,0.461309058805099,0.725828887927538,0.6981541633062115,0.746279926268237,0.6748954780217372,0.7201099580137753,0.6207395565504323,0.6610665515138394,0.6880845757642576,0.735926856182863,0.6345366638116133,0.6550802397631483,0.649112023821027,0.6829185477849053,0.43837426508971733,0.5568678841200063,0.604432066328692,0.7540302547727263,0.6647103853722937,0.6156850912538147,0.7047792427852936,0.5593433469056683,0.770034943314855,0.7519892138080086,0.7764118455539726,0.6215839402387556,0.6162622440399722,0.7348085628180733,0.7147772777680069,0.7010674061043286,0.7381024926960752,0.717701327983343,0.7375809105472326,0.6733685270539235,0.7420920114795476,0.7407197393621666,0.6405403671254061,0.710682991369406,0.6298991816739896,0.6016233825201179,0.533739080383586,0.716549337068932,0.7049464216819933,0.7911561361975531,0.7361405362340276,0.7139734188956123,0.7447535834818674,0.7108478607823017,0.6792455238437759,0.6407388372409121,0.5845207576768657,0.6290108711749554,0.6021966489144369,0.8691282889145514,0.6818259576553508,0.7753210679101227,0.702003620007743,0.6046819682145703,0.7647292728792103,0.530764142143383,0.5506884853248626,0.580764607216043,0.6637818679681092,0.7507521028989873,0.658124052800226,0.6358184000659146,0.6602124858447983,0.670542707201061,0.7102071357547274,0.6405330702659233,0.7889639383456842,0.5921669865566187,0.7456158248698047,0.7116724208007796,0.6906923806533231,0.7058293647849819,0.6829772509844126,0.7553623445742437,0.6335501331766553,0.5360407957422587,0.593049933006118,0.6426286389085606,0.6872674211451333,0.6788457404797441,0.708522229713411,0.858708807898782
5.0,0.6905533370395504,0.679839552296084,0.6560079174834216,0.6960287391261323,0.7090912954278137,0.641820561811432,0.6431043369955592,0.7204836270979261,0.6561032491423453,0.5965013900052369,0.6086512440204567,0.578407535879904,0.7345761508610492,0.5104449060759654,0.5348433831462314,0.664681408718897,0.7187909515644874,0.7063008963799793,0.6445389429581397,0.7140602329460584,0.6729219976249338,0.6109276234602553,0.6798899038124201,0.7222920058921805,0.7324563787992017,0.5745409994237286,0.655876871373652,0.6906567700940401,0.5089197878545016,0.5740361730643463,0.590924268893418,0.7355049647196693,0.6894738827524293,0.602611617035142,0.6744104803470196,0.561166475456696,0.702328199836903,0.7566656639895807,0.7790238241259256,0.6091307497962553,0.6187861233670506,0.713507128685026,0.7126417267480543,0.693927534505888,0.7491500346190721,0.7365086031353933,0.693322096383365,0.610731577687554,0.7166311250104999,0.6966538835146242,0.636532402009937,0.7193242495396742,0.703475237983025,0.5612184727144504,0.5720534878077733,0.717191147377375,0.7521373434008524,0.7817148933352783,0.7464270346623573,0.6831157850688117,0.7471186672808163,0.6547910834585177,0.6945589370136277,0.6555889967477456,0.5952459847670619,0.6375680618293037,0.656373081825952,0.8951665907592873,0.6783442211982676,0.7538031497696079,0.7222170781529687,0.6153215072181427,0.728477571079729,0.45266948046918537,0.5674650103982061,0.6853881999331136,0.6909906018005704,0.7858504868920929,0.6559110547771583,0.5992114796472604,0.6813222111207624,0.714884121074877,0.7808962909300937,0.5483999924937987,0.7558712006158369,0.6195375503874914,0.7430352365112144,0.673198235541681,0.7075657178988326,0.715828198544795,0.6804421325217533,0.7952585159811673,0.6965480314514148,0.6018761532963373,0.5666435821385146,0.6273740622226297,0.6892181293861114,0.663114336870144,0.711076271915215,0.8264486678488207
6.0,0.6628264449806279,0.7118094506458127,0.6401745379357436,0.6626817776521641,0.714249630259083,0.7297153855533377,0.772820386514423,0.6708511610297926,0.702163598936318,0.563204544575288,0.6398403969631253,0.6448791617528539,0.795041256781905,0.5078411112009275,0.5620349031389007,0.7077361718188663,0.6984680691308643,0.7423609027248386,0.588398443328431,0.6735157342328141,0.7107937566788524,0.70711976475841,0.677152294934286,0.7102962590048293,0.6791447727894373,0.6545322353178337,0.6324031592752547,0.6209743930011352,0.5238389689738076,0.6300586129462673,0.6617971163853463,0.7189982550073853,0.69684442611921,0.5621521417494849,0.716810484188577,0.5206688454297776,0.7101150048960053,0.7549651053231029,0.7811567615540328,0.673280253791508,0.5848475293359524,0.700527657272846,0.7286317837403753,0.7080332977779257,0.732623560780286,0.7086387965860633,0.683471478783899,0.6161440153214329,0.70734812605323,0.7324756488765104,0.6334694527853401,0.739329982899812,0.715021005268922,0.6040653617607327,0.6408067182675043,0.6775465469243414,0.7263852383003736,0.7927990630809717,0.7367135809175492,0.6792500201227897,0.7795671047739144,0.7017761793568907,0.692309551786415,0.6864085287972984,0.6230446144618668,0.64181766201847,0.680342121565071,0.8192535834146596,0.7146114758866826,0.6947409543704657,0.7028432801291223,0.6804656524022485,0.7093856079129027,0.4836267583348806,0.5676984302536974,0.6908229917821337,0.7209721324749093,0.7544811129725407,0.654557904123333,0.5716358353762966,0.6968149138032627,0.7385379769089434,0.7578994557618998,0.5820982053698264,0.6668779687980977,0.6984271305639429,0.6979857850432255,0.667653870626444,0.7176339682609125,0.7615506722556832,0.738615884465012,0.8093880407816204,0.77959566545757,0.6356979529300802,0.5744390466524073,0.6531927539308616,0.6628652537790507,0.6829528268953107,0.7348864893806876,0.8069639387843512
7.0,0.6693435748080416,0.7266896813126923,0.6600785729312068,0.7229959216780383,0.743016637888033,0.7382797119123373,0.7892580904453824,0.7063770093719689,0.7495253491076306,0.572667395799859,0.7006999577654643,0.7277631778690478,0.7803281403167639,0.61802132054455,0.6168447733820234,0.7092868706015483,0.6753907360010439,0.7410799373376123,0.5744970043412017,0.7050711246615687,0.71293870893307,0.752574893875107,0.6171930743080604,0.6988792861222527,0.7308802417109147,0.6758850594922773,0.5789015208768487,0.7191513066540903,0.5304407086075847,0.6019791215370394,0.7168781440105594,0.74941386927203,0.6453387773878824,0.6375177512837777,0.7559180677461517,0.5763784328476776,0.7398855326948274,0.7523434895103126,0.7972045561944819,0.6900353722872551,0.549827724228405,0.7279869534539706,0.7348499511613927,0.6767357520885587,0.7506788884049217,0.6951415452519013,0.7496109498182267,0.6243622714346143,0.6595961936754686,0.7357286206290606,0.6905314653699516,0.6960573574957524,0.6457252591032653,0.6751223765908946,0.6782511857003567,0.7154646942782227,0.7213648073985176,0.8202674571829066,0.729783650547028,0.7063296683939878,0.8081561908353186,0.7163953749067367,0.7640778159702174,0.6061720121066737,0.6348379294310037,0.647418623745065,0.693064140818644,0.784522328201652,0.7369852245107262,0.691020890014778,0.693032969395102,0.6445267037874908,0.7792932677978387,0.5382774303868516,0.6556910547606003,0.7385421982508347,0.7448337382026521,0.7748042426014553,0.6501008017732769,0.6165315837796342,0.683562503657578,0.700081664767178,0.7420184716100513,0.5733111021663326,0.6452104739212444,0.7135383311517467,0.7121985961649057,0.6786423511077145,0.8033120370996106,0.7608835054989775,0.7387561734530856,0.8253789367187503,0.7902665067780196,0.6185654716710367,0.6339506718472847,0.6896563451179824,0.7213169661458023,0.6905064411440126,0.6923262150440737,0.8289630713477979
8.0,0.6722145425984669,0.7092588913278816,0.624536207226033,0.6817955255259163,0.7145962268052047,0.724902850724943,0.8034304255589358,0.699641653448864,0.6837538574063711,0.5240690156928287,0.7364138994588566,0.7065176123227866,0.792521397798242,0.5994444282804793,0.65837933516606,0.6584751500623557,0.6884245389129576,0.768499453998678,0.6146120060437983,0.6732947865359721,0.6479956904017109,0.7216024064250144,0.6690638427064927,0.6706293469657929,0.7376107437149514,0.6592243979237667,0.528455940421677,0.702486574122187,0.621046679078131,0.6464679749217184,0.6646272771235017,0.7360739397376067,0.6213048025387897,0.624795592665495,0.6490303311025266,0.5217377502742316,0.7422177353645997,0.7140565792662971,0.7900899231716753,0.7057462872705713,0.543388007418429,0.7346850513143987,0.7110474893380593,0.7044294666325513,0.7448394812837628,0.6309708648536367,0.7543619812152677,0.6014675237491147,0.6641477311651149,0.739721826726835,0.6243914518641897,0.718322225383031,0.7139592318154829,0.6177317616549786,0.7026812273593599,0.7303439270665754,0.6911008326569462,0.79298047854864,0.6658231913673016,0.6741220873391244,0.7246454295969661,0.7157102903919276,0.7680355232077506,0.6486947416544813,0.6604941215538797,0.7017995556438233,0.6764983587541576,0.776869080983737,0.7952823482209009,0.68326070932945,0.687771610227065,0.6510636507401925,0.7503513008331643,0.47567111045046134,0.679421579407634,0.7309766016156419,0.687428953346496,0.7389709527896846,0.645235890887094,0.6398783713833547,0.6831073970749326,0.6919691359981176,0.7412412209584117,0.5977164923556396,0.6656782052691197,0.721158434528279,0.7485490826547648,0.655966339501492,0.7635340434312733,0.7052842965324997,0.764837975104427,0.8205947518485494,0.7548862267543924,0.65244784661253,0.6268693112686173,0.6901361103785897,0.7851846541414154,0.6274459562058313,0.6803235717332557,0.8106526010551001
9.0,0.6884587925787993,0.6708273329820106,0.702868938452601,0.6824530441094773,0.735940767891435,0.7365126382387849,0.7499347321199794,0.6677187224673556,0.7171793332981707,0.5619965446830016,0.7866428556069236,0.6701654977537504,0.7791443679125547,0.5853159057117567,0.683309336075363,0.6324694567503423,0.6544629006334479,0.6933583631234953,0.60732105195313,0.7244057587642457,0.605936995272684,0.6957352116243157,0.660086606536355,0.6646009287532563,0.7418170374765524,0.664518012508308,0.5562774871148557,0.6714324023505633,0.6613903330518673,0.564283552701108,0.6639605843025007,0.749933581412241,0.635621008992924,0.7187634659022742,0.621949650452044,0.5678422645331213,0.7757133247457854,0.72872992809857,0.755495810399066,0.6784930601044977,0.4900750848810997,0.6899936667318171,0.6857924355859074,0.716727294412722,0.7588988064998313,0.6035595313262717,0.751342526428576,0.655606812710338,0.6862845167474404,0.680770225622822,0.685678920760055,0.6637217267851621,0.7070560452357642,0.6218344439944626,0.691178135333657,0.6876689064467749,0.7026228835691493,0.7935282107772182,0.70334992002286,0.6593236760827886,0.717138956332252,0.724751787790249,0.7130176108587998,0.6025630255564033,0.6388658264177863,0.7303453828495651,0.7107162951181584,0.779891916727704,0.7655743675239903,0.665273155688085,0.681585789137099,0.6609790048736573,0.701033454431799,0.5273962482371416,0.6465546380572381,0.7028371852674297,0.5421316581357086,0.7858361792300196,0.6284022063597946,0.6186554747613234,0.658045992529155,0.6650759684839765,0.7479155698696713,0.5709563686760449,0.657418414612421,0.7175394350406797,0.8089605507133867,0.6321623567143954,0.7845069535031183,0.6880838566386961,0.7680981854749787,0.7820129625667317,0.7136451734351104,0.6331434136460237,0.6210617856659447,0.68617866074516,0.7548750830711569,0.660134106628861,0.6014180794362805,0.7766879366662834
10.0,0.6278200380841034,0.6294250238575047,0.7144281347580618,0.670453077435469,0.7547419701549503,0.7381099526598512,0.7962176310759593,0.6985690922699006,0.7268644217659687,0.6429915888055199,0.7815754138085916,0.7000807714529184,0.7850048740047101,0.6214249507530794,0.6844325891643651,0.5161104464628083,0.652845675656147,0.6585502470477673,0.66280795471058,0.6913708518940007,0.605935540748586,0.7140819762609584,0.6284625678795454,0.7213290545461913,0.7076335820269163,0.6253460877168443,0.595706046701805,0.64467372038057,0.6326731608682703,0.6142460093853097,0.6233556442819493,0.7472378585232095,0.6414032771179573,0.6363621243758247,0.6999686628767403,0.5378454907490083,0.7733286882874736,0.7586831810604303,0.7287439372149686,0.5955091673099516,0.48995718376576236,0.7124208884774811,0.7005730232422267,0.728708778316656,0.7425058779005798,0.6486500891643966,0.7688768164316843,0.6480368602932477,0.6624584445865177,0.689856670231964,0.7364947075428933,0.6326891784705789,0.7464106538494854,0.6417837164197246,0.7020834827228124,0.722527999836729,0.660480685820948,0.7940007102465123,0.7084342089070557,0.7309817533076727,0.7034177394956239,0.6506152120417633,0.7413716849274854,0.6502712588309917,0.6039532968051168,0.723457779005297,0.7025789918555857,0.7366024936102641,0.7595065060357116,0.6430512009322213,0.684903467270706,0.6731298139001499,0.6993818427792607,0.6348419176473478,0.6271594223909149,0.7060506734036927,0.5745033314442747,0.7163059314607176,0.5424808297115874,0.6143133064514062,0.6924430139218244,0.7184465869662313,0.7505364700763412,0.6030956483956643,0.6581535906383791,0.7337092109565556,0.7429167110964713,0.6612849815128373,0.7814901659222425,0.6307394328220376,0.8054070972170863,0.773754130919563,0.7315696750575863,0.6025264271824836,0.7311534055056343,0.7543616166640496,0.7107679440250276,0.664611851076836,0.6819238784860183,0.7903054922339307
11.0,0.6382285376789626,0.6822581606542464,0.7052212331268887,0.6579421497500877,0.7364109735193916,0.7545609659389637,0.765591687799727,0.6804606907918984,0.7742785704621363,0.6489078711138824,0.71573484005162,0.7312672118098492,0.7860125356822522,0.663384303494693,0.6891702494908066,0.5739611043125357,0.682981669977139,0.6343470720558037,0.6869719807283587,0.679727231953339,0.6576518440901523,0.7561812723021907,0.6207905257100621,0.7498137428506046,0.7318551354994497,0.6964858031816131,0.6666818349912801,0.5776699884352053,0.5818963921609156,0.6317638267886307,0.6637382613074361,0.762778142047669,0.6481693487754386,0.6589617883276456,0.7401897822353177,0.6464721755838077,0.7944968384456873,0.7747116304739216,0.7531989009304874,0.6159943975503923,0.5647050026421203,0.7283320576999234,0.705296147128184,0.7216416180242717,0.7409656226002747,0.6730300723194776,0.7498592703083157,0.6388606418593104,0.6103804083014036,0.6406531851655983,0.7360513639779004,0.6570940440272134,0.7725244502009868,0.6073111524444422,0.6994066607156251,0.7207016581029987,0.68279585240682,0.8098174406184198,0.759589093548477,0.7154980883759913,0.693185029838908,0.6584541016661424,0.7389523514688916,0.7040102488914046,0.554460301958807,0.7326969815429923,0.7430814311696343,0.7184418696017363,0.7469542058646937,0.7352344576480796,0.6964746446185656,0.6796306720609789,0.7378206933229349,0.6355500780241203,0.588284064627092,0.7064326182673956,0.657117692382573,0.7556151031957876,0.604449223413861,0.666928340450809,0.6843727027912596,0.7355166891823983,0.7598517565487503,0.620767848879908,0.6974414238251659,0.7951918460356904,0.739858655170697,0.5908203518839277,0.753903511659034,0.6687849160452203,0.7879913925544596,0.7474455140049127,0.764921774997768,0.5599207344240412,0.8015769565848414,0.7402529595526811,0.6451467904080027,0.6431722783621523,0.7054534223669461,0.7929053460707634
12.0,0.6361042662309394,0.66293690375646,0.7241538986960769,0.627079027855911,0.6938309938623206,0.776508025942094,0.7469870121110059,0.7252873680102544,0.7821547138017744,0.6960849022981946,0.7260758364324137,0.7864031955457693,0.7476584528303624,0.6421867253990303,0.6686304697347829,0.6176339860599748,0.7261498271337562,0.6296239813349193,0.670466728205881,0.599624112305064,0.7098373442667988,0.728026029986878,0.6395242065145953,0.68475176288946,0.7232805748104979,0.7201005392637453,0.6771615440644071,0.5960279121718073,0.50618744637904,0.5598673005493714,0.7352519960813434,0.807630747398087,0.636242052845533,0.633910448413713,0.7122317088300486,0.756517114749959,0.753063142969958,0.7721401605189686,0.7487921947473407,0.6486986743310049,0.5574320356952623,0.7717275844985667,0.6468182341105764,0.7446691147446827,0.758237653207527,0.6793910701315166,0.790596431716663,0.5770932207262727,0.6700009684239067,0.695177520238149,0.7625996925230071,0.6885499111361559,0.7755817461710081,0.52059407048827,0.720334066403361,0.7534171754899086,0.6914209542683943,0.824979479754643,0.7742271953761753,0.747060534456212,0.7026760646517612,0.7222060058143894,0.750060699665958,0.696362992319798,0.5207096992082447,0.7637547327690134,0.7574766270452854,0.6799888985338768,0.7564227932851356,0.7504367738658236,0.711609628779074,0.694971449671748,0.7535552757042198,0.6472632009107553,0.627263035218907,0.7149306191554013,0.660596831645657,0.7902160073504914,0.6250263652322686,0.7240016430559028,0.6586541243092553,0.72041010942297,0.7315850002636033,0.6539015179994073,0.6248047460288128,0.7680813398111668,0.7548177526712684,0.7134568939209106,0.7168258602046954,0.6845091974129978,0.7471664687751796,0.7550303214906618,0.747971368263925,0.6098647906092064,0.7689925697057466,0.7735227217664967,0.6910253558960737,0.6840486195735437,0.7196402226417214,0.8090086175134475
13.0,0.553782933321184,0.632616400600343,0.6831328614836875,0.5714353934604902,0.632427499806386,0.7924793367005133,0.7366612637385247,0.7108872690547944,0.7585969910353466,0.6930693023139902,0.682224847752816,0.7953732125034643,0.782913564017207,0.5415418240963904,0.6261492718958747,0.565444915048329,0.7159538661670917,0.6204072108356457,0.6505702631360267,0.5468585490090939,0.7226234366044696,0.7031701647859867,0.5703207273653853,0.661949906046979,0.7250947405921009,0.7431305013220094,0.654235864950163,0.5675977003027183,0.5093603818205233,0.5928242553974773,0.7065465872130449,0.7844014234135397,0.6462221984763443,0.5870704274690693,0.7178806283360778,0.7684678840224572,0.7626348756406376,0.7164259599218145,0.7650856750496593,0.6550610672796674,0.6293708355985727,0.7387664906902714,0.5876984604601216,0.7335145495522909,0.7741428364859656,0.6196675199521791,0.7902544851986694,0.6050668642667346,0.6907296881540654,0.6792216622654417,0.7173082025369936,0.715616663567813,0.7966990658749008,0.6372357485299011,0.7045940071906207,0.7403399726014173,0.6397431063285777,0.8543025828730547,0.8371266836159501,0.6783715746602197,0.687967532799299,0.635328084661919,0.7275932025817834,0.7108172906041323,0.494836746351464,0.749379361093767,0.711520855562609,0.6922013337336003,0.7125392021043293,0.7581636354157754,0.637481598826112,0.676380600695769,0.788801348396532,0.6703696829410153,0.7042023527251763,0.6938556975938642,0.5969829209852834,0.8174150378978807,0.6219578117989911,0.7219866842897851,0.6144479205515717,0.7173652912593473,0.6423754663789843,0.6000653735679103,0.6126251509628217,0.7365245105120607,0.7108468163500267,0.7172612713310547,0.6978563777163617,0.6205621645022973,0.7970628198676569,0.7045828207853964,0.7098353688504141,0.6212134099607173,0.7521178495701797,0.7484087673813143,0.6866661217438687,0.675478128057113,0.6969881174018301,0.8093041503551516
14.0,0.5542282019125483,0.6806014887037143,0.6757499423920427,0.6322088537321334,0.6566744700224963,0.7845075814337957,0.7093282144922844,0.716174449756365,0.675571343258658,0.6932177774094738,0.7313037285338987,0.8420568176009063,0.8378822664076336,0.591727461057715,0.5755112173591657,0.5275254059635007,0.6845842527963377,0.6476826799670939,0.6444834382418256,0.5307948270077166,0.6612522550826117,0.6945174300329614,0.6163169130608107,0.6830128420489787,0.6644863479362667,0.7754762956597167,0.6594593756174523,0.5558788401447726,0.47256345446514136,0.6314358536390993,0.65867757524497,0.7891477006132064,0.6729204580178513,0.5512053735948097,0.679746100362982,0.6862390553357587,0.7091706313403779,0.7233608499319164,0.759332793548572,0.67632850286561,0.6119450516735206,0.7359105986128184,0.6163944412594454,0.788222202919482,0.7435357173468989,0.583095560858854,0.754130653951011,0.5680233302658416,0.6657232053806087,0.6160154672122697,0.670538344268893,0.7088128430180133,0.8014566869826654,0.666005663598703,0.6934060041735778,0.6316269307229813,0.6834594030563713,0.888201120817369,0.763693617322906,0.698240609178995,0.697094670362434,0.6564197244738357,0.6904580743289429,0.7134326269308833,0.5452031303267924,0.7030083363114737,0.7182760439323864,0.6891389387240133,0.7362935555786855,0.735651067425918,0.5978008716059723,0.684946496147561,0.83299447998075,0.6058701010565214,0.6961224097667956,0.7292050794337164,0.6208454995198857,0.6980341662283743,0.5873910641574003,0.7083544990673256,0.6084197735851656,0.6877534599125883,0.6061575354980714,0.5604788772401558,0.6406053636435024,0.7616153576609039,0.7227324201367186,0.7462710980729256,0.703557171793309,0.6546814672013106,0.7477662924084747,0.6734125101504493,0.6865456674660088,0.632059074119773,0.7427698920926487,0.6939280280397391,0.6835151046350846,0.6690980781498236,0.6870420755245643,0.7342281528931599
15.0,0.604317586503697,0.7456922339556673,0.654347703583077,0.6901896405695737,0.6903264512739119,0.828663063931162,0.6472693892960334,0.7160033072430133,0.69483442440533,0.6619475202860791,0.694080994842975,0.8372581153463776,0.8270993733302269,0.6108604880936557,0.5988587653373619,0.639421201129532,0.6860395469005579,0.597280845513688,0.6777987640418853,0.6207777101821738,0.6577179757683487,0.680943926006909,0.6258581953804,0.6783486647641009,0.6745799790975889,0.7586184145833577,0.6627588320774297,0.5800812988991,0.5194219964787284,0.5998097491627781,0.6500323821599954,0.7972754710858153,0.6217347206009344,0.6792116013756063,0.7956946936708557,0.6821277094841637,0.7106939580042764,0.7274316695521511,0.7525482045373874,0.6807336489909069,0.5749215124117474,0.789480454557712,0.7316358470159656,0.7785614342928108,0.708054941235292,0.6137164383826567,0.7116799027070116,0.5943477448694737,0.650432439094719,0.6256381699171748,0.6646308034468187,0.6718213548373506,0.8766929412126098,0.72815603437238,0.8287255620252282,0.6096082044162293,0.7264164762528087,0.7907826692353037,0.8015534616749593,0.6651737803761356,0.7080531690328516,0.6390926981403443,0.6188964302694013,0.720205740652594,0.619026575067547,0.7699299333306127,0.725339301783209,0.6901443006835916,0.7562789464719586,0.7600276671300049,0.581281117249022,0.761346653914782,0.7943569752222643,0.590714271063244,0.7095714235883527,0.7690807505459824,0.626162159088296,0.697220129755811,0.6547930275817307,0.7560325041510266,0.6344172925908941,0.6801387292270169,0.6201147137484724,0.518267205979293,0.6595211795771613,0.6611225697915369,0.7693254641623817,0.762263884386595,0.7140212945704977,0.6908733227602802,0.7517983127970354,0.564721504372436,0.6889489542327271,0.6828428121705853,0.802116327108645,0.6934835436361132,0.7128864177194006,0.6905133543724067,0.696965857278829,0.780573246919762
16.0,0.6332674538781107,0.7622543181059053,0.6902151361667407,0.7268870918899637,0.7062785254546363,0.82123491967453,0.531539184875342,0.6894393039323767,0.6164062541982224,0.6441194614902384,0.7181551321811083,0.8507546637955178,0.7822689693603211,0.6943313929186027,0.50795612995035,0.665026598051786,0.693516544530805,0.6037653532277386,0.6620971180814034,0.5696309108054194,0.7057913801627219,0.6354084215710043,0.6405102781746691,0.6923418554974957,0.6543075018516633,0.760594114989895,0.6782576654025396,0.486551499690385,0.551493176999507,0.48657476395242033,0.6743685975705437,0.8001685873410151,0.6045719247123341,0.674941851239693,0.765802986231039,0.6543425966719233,0.7229145222778474,0.7271481502952373,0.7294951726462789,0.6848776585601111,0.609518221194158,0.883291490636459,0.71063520508435,0.7688838162815403,0.714927373046939,0.637001951383684,0.7119224580318346,0.5938896046973899,0.5944826828588776,0.6310981331116073,0.710740780382689,0.6528360621006287,0.8178539297242523,0.8072222350776403,0.6728618430720333,0.6014310734480324,0.758320359382378,0.7911291384537447,0.7560352070616663,0.722900659321212,0.7433720120157276,0.5675983729465993,0.6423588999547544,0.7127403136090716,0.672203234374462,0.7707971823482903,0.7310005971338667,0.633344139970817,0.729989470918857,0.7361334239963151,0.6137056706239763,0.7744063793418067,0.8041644025785705,0.5942565588449681,0.711931185672392,0.742502743699542,0.6029680873471603,0.6678364436231411,0.67909793488368,0.7154298464436467,0.5120146213690974,0.6463685937563507,0.6545412501171033,0.34866866146500564,0.7138898593264104,0.6854629688677377,0.747922666282366,0.7651457586747693,0.7295288629538836,0.6738598956916947,0.7560929573625876,0.61712639346319,0.7370052954811838,0.7639630631371407,0.7427026602717683,0.7049514419097784,0.7690845780947017,0.6694373488059814,0.6218071020959783,0.7570814221290757
17.0,0.5896876861256803,0.747758794504039,0.7054796596880814,0.6703018399730376,0.7535250187356106,0.7945139585762407,0.553404011287221,0.6979040289999997,0.67024384283997,0.6609246361448253,0.7774509854433983,0.8103906507003443,0.7835738215853597,0.731393527551308,0.4769401440976773,0.7067219284746287,0.672354541454883,0.6310514472255561,0.6264934978192294,0.5999024702181753,0.6671672152070683,0.597274295779235,0.6103649390976913,0.6783242402446347,0.6775161951109029,0.728014101797223,0.7157095616165687,0.4707488940781927,0.575508329081484,0.5575793306725393,0.6742148575432627,0.831506218066421,0.5950149574468563,0.6821723159233724,0.7671071159214673,0.7020608107045616,0.7060250136580614,0.6759757471210763,0.7712505587637916,0.618816107240823,0.6543675294372687,0.8543200692199373,0.683639076698578,0.733826606704762,0.6991286565177104,0.6502370737451237,0.7206842420615414,0.6217613228066633,0.6254021831082303,0.6186182275980701,0.7997895147900437,0.6519135383275884,0.7954864713255866,0.7815657293862133,0.6623782420926604,0.509280390079209,0.77456748980968,0.8030787825164113,0.7277767084889244,0.6993734319614276,0.669726123104507,0.5622647005480137,0.674952661896966,0.6949780595254977,0.6977707129020754,0.7309327931595676,0.6800663154944644,0.6518738861616187,0.7145536888395281,0.7648348853443326,0.535381009852402,0.7457194130792987,0.770301366370718,0.6015495770146627,0.6822389543020461,0.7164087664246935,0.5554353005583903,0.5538283284917073,0.7110536856231257,0.6597645306691476,0.6049829054041763,0.6474566480938537,0.6131035970187476,0.4501723183525354,0.7483532045590081,0.6767184191774472,0.7155308246410993,0.7073561392341806,0.6843536592810402,0.6358824884904885,0.6787143234471634,0.582386083805948,0.7305870760279364,0.739615717217371,0.7223250797001053,0.672710305988551,0.7323990586434049,0.5397204286800744,0.631150921762169,0.7599811155762463
18.0,0.5467320349893323,0.7194624893047884,0.6215300551171851,0.6726514867851066,0.6566179793571084,0.7316818390672323,0.5581773551465896,0.6991801930185914,0.6958042777173506,0.6897821142979508,0.7653482051246301,0.7485785616098067,0.7290021968448105,0.7915681659727927,0.5283486318159654,0.7366119882932743,0.606920995472132,0.6352758155689,0.5637018210054964,0.616230073395939,0.671489074143855,0.5779752009084059,0.6589691412378891,0.6707650858748474,0.6126695752168679,0.7556631115689436,0.7421698168706077,0.543690556172153,0.5354028064673882,0.556723637244133,0.7036743801221247,0.7978669540185797,0.6546556626997576,0.7276509927041377,0.703678644140321,0.57722449789705,0.6549468330717066,0.6860336023263846,0.7569548813202767,0.6632721101678993,0.6991625039125683,0.8371580532615127,0.6829070216077947,0.7478661738448024,0.684504200128373,0.7267329264211937,0.7420622806009324,0.626570675271985,0.6329703630446236,0.6131152276755373,0.8260118105201727,0.5771048054888906,0.7669404202311033,0.7437388480133901,0.6801402276337157,0.548432337620491,0.7644978515402353,0.850205196887022,0.6957828714466218,0.6765979752233754,0.7597569618035026,0.48829369813317003,0.5965861165729867,0.7012201291185387,0.7626796251899762,0.7052101379994413,0.6882270732096297,0.5908003125069617,0.6874635408337814,0.7490307845507961,0.6121829165877547,0.7203682734032387,0.7558971842225279,0.6695614245065847,0.664002055532305,0.6839503629102704,0.545549907560169,0.5950666713007033,0.7367321259674783,0.674872362295727,0.5266321204968211,0.5753843966779203,0.593116583421585,0.5781429804736531,0.7065267640151439,0.625731499131465,0.7146350861075339,0.7030359706403444,0.6829292434019406,0.6771570721763561,0.6707406323852316,0.6627886556685323,0.7566800370157941,0.6803774371745033,0.744171651096485,0.7066659569768913,0.7615399449658135,0.5349454386983051,0.6837573281272924,0.7724679822865137
19.0,0.7314830057585766,0.7560606511343142,0.624037571134998,0.7423261048959159,0.7327766984771777,0.7637531531097451,0.6387705282428534,0.6890645702636377,0.729115742555551,0.7818243136283133,0.7629538902498861,0.7705079045870136,0.7469523806693074,0.7835977369664547,0.455851357795112,0.807022664634363,0.6430642748168613,0.651616906273402,0.6123187714080104,0.6516768170887577,0.7148670371361293,0.5980346259110203,0.6511120910836746,0.7106952211746623,0.5950869781791867,0.7451588122570839,0.776756779993546,0.4151386205295813,0.5217460941634733,0.6757418041262694,0.6678419843460744,0.7963086204856437,0.687194000551569,0.7289784104317683,0.7049301305897774,0.6318475503113087,0.6943324774702396,0.744874419104547,0.7602866162134777,0.707747356016364,0.705890742115255,0.909479426077142,0.7114396618421227,0.7767362937361154,0.720369193910138,0.7483656097737823,0.7304073504768017,0.603180885935376,0.615754850814155,0.5531219754285454,0.8327071567210681,0.6222100035441233,0.7788055267373757,0.752142988962529,0.711846026205607,0.6022863799625937,0.7695550855158473,0.8906356035261753,0.6926258827624231,0.6836651966639403,0.6845377748292849,0.4854950013799833,0.6656264267765657,0.7500472315983236,0.7183038929354689,0.7295810305132769,0.7155220340806295,0.5779459535690833,0.7983003878230831,0.7974023430865517,0.6264153350933026,0.7312280122812037,0.7512279705655649,0.656383182066701,0.6739923300359177,0.6700846585559693,0.6017995950888456,0.5572468094543349,0.724020783055218,0.6553531539069423,0.5868825937362897,0.6594836431910647,0.674189909588886,0.521894243852543,0.74718928281866,0.6529851448744051,0.7031159974824943,0.7147026280567103,0.7307226248608307,0.713662841882493,0.7104487090755339,0.6889386709727336,0.7431843941796603,0.7176154422394204,0.7549467944351159,0.7723656078824378,0.7919819058410544,0.6106763464323574,0.7032497506825416,0.7588529551406019
20.0,0.739680918943923,0.7483880991381806,0.6278642937816397,0.7723984965111607,0.7383379823376209,0.739137087832039,0.7379851344499144,0.7171791283816726,0.7333583423716693,0.7707211623803153,0.81908132058309,0.7563129036743003,0.744948670534595,0.7561797279913347,0.5707963923214346,0.7812504283035256,0.7111834118609943,0.6905424961261777,0.6146036183926951,0.6208677993854657,0.7084447048567343,0.6450318852941357,0.6738321688009489,0.7328154667387631,0.6309625476879096,0.7719648545173877,0.7733113704699317,0.494961545903889,0.4961567666046833,0.5889143969236237,0.7195280086413528,0.8046499194921006,0.6780060396526076,0.7607398573472173,0.7200157269327168,0.6323180479607746,0.6675713260199094,0.7900285579928946,0.7957366844050403,0.7119588746555428,0.7267277784645514,0.8769113684095394,0.761757523326512,0.749489808553849,0.7281931134521212,0.7637351680722321,0.7398534757959471,0.6188596590662373,0.6500458028872375,0.6263075748795166,0.827853865618323,0.663823465981234,0.7698242411645467,0.7495156974948181,0.7261703693544573,0.6207354966838293,0.763158678905555,0.8982453869692893,0.7145213362134456,0.669450180655268,0.741436492184745,0.6157227084141953,0.7134222761412584,0.7624220975811177,0.701078220885219,0.7813519205351297,0.751983284027915,0.6337386320184863,0.804231512473058,0.7958165700068562,0.690629055734561,0.7694394614093719,0.8208568956226484,0.7712777467319083,0.6656839307446827,0.65751258387293,0.6413625859222566,0.568736373018038,0.8037329459627106,0.6486179953629697,0.5449074690942747,0.7514410546237417,0.7156262050569193,0.6167760582738366,0.7509470850076942,0.7175482878050016,0.7019122550722384,0.6553863710072997,0.7497529320161607,0.7689637041756083,0.6901082663751317,0.7240376223718462,0.7694447947355659,0.7420347889804626,0.832464780665298,0.758899603008798,0.7922722331869982,0.6861081566151106,0.740904702094447,0.8122329499192432
21.0,0.7085443501021155,0.7223015374080496,0.582225475599118,0.7618440327070563,0.74759278030844,0.745708442722321,0.6950795215640797,0.7569461955144586,0.7944930171657688,0.7792559921866546,0.8536800411172326,0.7148673345297277,0.7256273929955203,0.7282623944902641,0.5754547468945347,0.7595711512734367,0.7365051658018537,0.6603857035406353,0.6528466178355163,0.654836609699944,0.6613440265167913,0.5258967745049197,0.7275243187367963,0.696988102276686,0.6879068362884894,0.7683639217048448,0.7918892708813563,0.5338765468332959,0.540590838856878,0.558573154222025,0.6577106757622213,0.7855239972979952,0.658317894737395,0.7503382731297051,0.7729785608652016,0.6898370861801962,0.6782230640584527,0.747034496666284,0.789238618741065,0.7601925474027619,0.7416457717465267,0.853574610226469,0.7092286815374521,0.7067098258023323,0.7544612583876807,0.7287203626029006,0.841217214438038,0.687855646002399,0.650770560913155,0.6548443196696097,0.9070503906202846,0.6697036566964965,0.7940467561937333,0.7587405005468727,0.7080713742936453,0.7325953212309586,0.7267030439346792,0.9245325668191594,0.6129533254301746,0.6217559094690563,0.7434218232255091,0.6539092773344346,0.7745820580463856,0.7847515283060856,0.7128615553651533,0.7657112523186047,0.7183281384095624,0.60247401035141,0.7657593629673641,0.7609371642892913,0.7142257354875138,0.790969754540339,0.8579864471206472,0.7443803865712293,0.716148762223419,0.6304384436834937,0.6970972940299943,0.5709612730167343,0.8262952237688603,0.6092288224534813,0.6118089937308193,0.730884311695827,0.7599717892369173,0.6216301697791401,0.7441100069909687,0.7439148992909956,0.6876678346457356,0.7164806057029423,0.6978784369400607,0.728682069060866,0.6832464786788046,0.7134395915456523,0.757369867298434,0.7394929781924446,0.8196762974326747,0.7493057182509624,0.7669140238643379,0.71840036887505,0.7544530113517759,0.787596463218101
22.0,0.6978941784236513,0.7257407429962967,0.5183101067800053,0.7487793541791087,0.6595865299931694,0.7133500081580887,0.7100472911340923,0.7414682511382583,0.816204933850778,0.7748721686627856,0.8372303991674164,0.6906158308813817,0.72953764437191,0.7482061182760184,0.668452288859692,0.7359312812527846,0.7619021851789337,0.6965289337486954,0.6558055882871586,0.638763399451561,0.7292799640599906,0.5788881253280099,0.6801497983251794,0.73438504136234,0.6778033077181314,0.7866126974396517,0.7422044988394992,0.570690461253012,0.5790628566655657,0.567808485121424,0.682303246017777,0.8428724367083168,0.6984626555010344,0.6951909705234484,0.7897293910277127,0.7114919421758353,0.659579859024822,0.7473332930280844,0.7644899461559648,0.6890540838241721,0.7231632146631024,0.8612557376241791,0.7629048862869743,0.7223146705973708,0.7581109239530927,0.7216274830209554,0.7867739627221676,0.645616741532883,0.591656393951702,0.6014647851655304,0.848204103431801,0.646422158553375,0.7845346969277971,0.6945926414172089,0.723334100706551,0.7379507456358344,0.6046487787741186,0.9058849683797844,0.5747812327059211,0.661290295725553,0.7550717647133879,0.7462956118459253,0.736008756692503,0.77623840987416,0.7763573451435543,0.7743323630586589,0.7144251134412106,0.48154142621029034,0.7477318758973867,0.7686314093681367,0.729449338177945,0.8273585172247934,0.8717924769892207,0.6976998953721351,0.7481638003782773,0.6314607152478536,0.7321165043481459,0.643299812056045,0.8838375432908827,0.6687913905087104,0.5926024154457773,0.646923080432953,0.6950171650707243,0.546433185030191,0.752604087967498,0.7314709588694416,0.5792797309484516,0.7203829874495723,0.7479504285435401,0.694189470666778,0.7207282929416013,0.7147625580602229,0.727491326027509,0.754395374556784,0.9045655730632495,0.6702246598752937,0.7752496489448871,0.7287847266617824,0.7765035705950823,0.8541124723467456
23.0,0.6931771583606497,0.6615406943897764,0.5242248162891857,0.685173459508262,0.6760703886994723,0.693644215094237,0.6889039410972271,0.7078563637979443,0.8150431205271307,0.7061948477416093,0.7699175242104573,0.6674571171890147,0.6978559328562359,0.733876399413361,0.627101546580183,0.6839079475786157,0.8341475024636044,0.6606955693055793,0.5680075008290443,0.7109107231871024,0.697380477428764,0.4512059055054623,0.5889872748157491,0.6705119110057273,0.688795463911451,0.7438774704162553,0.6798009825420502,0.5700381562568883,0.5779214446492786,0.6120596097111091,0.6684633470853076,0.7435995750091392,0.6602239117703746,0.6500850533642824,0.7721106325652181,0.6951919511656,0.5098732848220874,0.6791029497197307,0.7110781463451631,0.6365659765070962,0.6591987488123486,0.8066267443019041,0.7382402346075224,0.7270758174044186,0.7211718525061026,0.6372517338618734,0.7324859164592122,0.5352869584625383,0.4520362175294917,0.690072567444523,0.79203354855434,0.6488409724345456,0.7525159118282682,0.7004284335195395,0.7009153754526146,0.7244650959737596,0.6148197060809774,0.8431358165372282,0.6528267756873346,0.5623607846471187,0.6434939388462443,0.6772765626576973,0.7305733608867703,0.7054455986640127,0.7328814188204736,0.7995658959986613,0.6666749321060222,0.5569429109293507,0.6910208726292574,0.776046944208499,0.7050314309450569,0.7437131028664946,0.7977603001055377,0.6433820555389661,0.7393770733063799,0.6724997037989873,0.719951885684848,0.6660882014461103,0.8527691657204354,0.6294112017891113,0.6344694174664224,0.636604915488742,0.5570129361023713,0.632813826297974,0.7093825907840253,0.6547580298141157,0.6089030693794326,0.7030639871460346,0.6882421756817827,0.6062183799063173,0.723930956379951,0.7153596806857857,0.7500645922246436,0.7264325947038407,0.8608947689758127,0.5628307165390813,0.7041149985467055,0.6603928280332351,0.7358109255194827,0.7842438630637579
24.0,0.6069209856028986,0.6477979818346177,0.457125341108239,0.620081766406285,0.631272933238051,0.59689944574383,0.7185205307063699,0.6370624866100046,0.782977532316195,0.6898493437321346,0.7276523606097557,0.6453166624988554,0.659903995924996,0.6436530343626936,0.6462246863398083,0.6356297384170287,0.8463384638746403,0.541546593590707,0.5183337849777317,0.7011886242183754,0.6978318118262532,0.49349806867521595,0.5203040261679573,0.6676713948725971,0.6348593796402703,0.640001926790361,0.6347902013746681,0.469059003729146,0.649929002325756,0.544584421703428,0.6405202493650464,0.663165618229164,0.719515472404305,0.6620328277453987,0.8155831534488494,0.669018460945058,0.596175554882126,0.5525953063337193,0.6890611025582004,0.586421400498014,0.5436148203140201,0.787755461797523,0.7095031020671253,0.6373690633803734,0.6543911819167867,0.576383191951433,0.7219027410917023,0.57205807072302,0.4427516773398607,0.636696229342664,0.7446727420743883,0.6225542846788189,0.7058982711106839,0.636448739805622,0.6769268319580584,0.6432105361517547,0.6068439523308048,0.7830910408109427,0.6171291091292007,0.4785773643437053,0.6657501193034987,0.7149082225607137,0.6705609437810217,0.6744477688109467,0.7387915127040386,0.773566941526444,0.6095984855228266,0.4638331815987297,0.6704630051599373,0.6900417177785148,0.666307987429128,0.7508066067183073,0.7333087603553993,0.5840112043467873,0.7136467409992567,0.6970996763417215,0.8028739089031937,0.6415247399028243,0.8526864473171044,0.530779070910888,0.5901464956353887,0.6172166467863643,0.5946292026844974,0.643793036637392,0.6664296764332667,0.6395021972307647,0.59088614073492,0.7143161211993116,0.669925963363752,0.6028291962400111,0.732114536561264,0.6648748772520356,0.784921251071801,0.6324845032471162,0.8446828006814093,0.5016987349076747,0.6598774934711106,0.6572698932896953,0.7021524894963856,0.6965907826780343
25.0,0.573637256420435,0.467271517159981,0.4271977158916987,0.5552717188811093,0.615369055800071,0.4542337457254573,0.6813327024054701,0.6061322832904994,0.6540026936343527,0.6218900484288243,0.6302586460107981,0.49918511011760464,0.5837568869546327,0.613267471086694,0.632793380629516,0.419845317340622,0.8576349141671704,0.48666237291779063,0.4930478123337507,0.6375297294334737,0.6625987604312457,0.319998853030543,0.430874234452725,0.748068991087732,0.487684798979497,0.6515383721188853,0.5770947730350744,0.36978028980233635,0.5383899757510587,0.47575853380813404,0.5356942171453616,0.54694136654743,0.76599358463818,0.601006268534682,0.7575437666337743,0.551639368698044,0.5029991741649223,0.4904215808322843,0.5407363152595474,0.4486123692364747,0.37958869369686693,0.7552257866305814,0.6581383611371266,0.5382234861669573,0.5495172708783916,0.5786413190089617,0.630947515963758,0.588192496209364,0.4197615175037237,0.590981241896592,0.650815436117739,0.6289707392289476,0.5810067135966603,0.6189858034135677,0.6148599993059017,0.524865399224445,0.5114119708149879,0.6799040217744308,0.5485670452746333,0.4155011390171223,0.5709907081506006,0.6666356109201176,0.6123362718421913,0.6285812302611421,0.7361932775944237,0.737832621474107,0.529667729155217,0.3830111363532917,0.618827061806251,0.7325655425200027,0.6822089605621683,0.7771665075605826,0.7149538118835718,0.570626438247697,0.6694006882979423,0.6069071611820523,0.8452801559965807,0.6221872762391294,0.8970036019376023,0.39221351606330696,0.593333150514798,0.6936648833477811,0.4681205251417096,0.5922004238809516,0.617644874719274,0.6129385898782324,0.5102465628755124,0.6041653298290247,0.6169724426507189,0.5652573611257871,0.7153658332932272,0.5391927645847973,0.7250954822647917,0.5870610517066013,0.79573304243613,0.373879510459165,0.5861410548011244,0.5998455844032673,0.7894161475901867,0.6050514403433053
26.0,0.4264427605417824,0.40626175370679496,0.3451624312045724,0.44407133041616104,0.5041811292134174,0.43410616305842936,0.5836254692753703,0.48960693010799705,0.5079686511425757,0.4413539663532084,0.5603344975881943,0.3859645210452243,0.452671277651666,0.510077922933707,0.556854973105008,0.2691420881194057,0.7012108420555183,0.42495639179161504,0.355229638100026,0.6495483853973724,0.5979490124559153,0.2827330368277047,0.29951609823173303,0.5014956507536551,0.32770796250389167,0.655683143881239,0.557742720216783,0.35487185564212265,0.5158193505410567,0.30309168875388864,0.3848975472238107,0.534792607982859,0.6072233785519443,0.4758808522756697,0.5886966717125517,0.46493531043618436,0.2897137357352187,0.47817707552787364,0.3524485790595557,0.32625030699789465,0.2577106748348266,0.6605440104628983,0.501496388402118,0.411193613177877,0.3373508958457987,0.571921615528805,0.5312334299495594,0.42170223523479966,0.27117276322761136,0.5709809927768966,0.626759468380192,0.5361326967029477,0.4135843779095867,0.5917804423428437,0.3956152258649834,0.43419713752998335,0.4250675377711066,0.58250897862402,0.4157059211994593,0.3321472009862693,0.39962560885580967,0.473237068543362,0.5509538053666586,0.5414091079221783,0.7005379947575747,0.5010467192378917,0.44836455829455635,0.2902659582874367,0.46389950425204035,0.6500279592634423,0.573673867082742,0.7282662130614037,0.5949325747581037,0.469636537144571,0.5314118158813916,0.48714420285345295,0.6208880500184782,0.516158383577624,0.7387263100544669,0.3944129814670074,0.48997106992431133,0.5590307009570946,0.34232967130596464,0.4174123230109637,0.519817901939634,0.46048882965592136,0.41615213905585974,0.573979440045092,0.4605535764662396,0.48743271998604,0.568401193163549,0.46806871282304696,0.5517927195213813,0.489450144718975,0.6585975569270613,0.37028936303988536,0.4987820428761956,0.5357927790787583,0.6449933592241267,0.468727331569779
27.0,0.3961539189562164,0.2967211340704777,0.2353458480927011,0.27930950085194234,0.325110030046954,0.2907513310867737,0.3783203106675197,0.2820928523757456,0.4349017095492556,0.27647929625099366,0.45280313482710904,0.3418559608698886,0.2622249421579273,0.32218564253159,0.3706602592314814,0.18389218444329636,0.4941671123779074,0.2578169910055583,0.2536403589238337,0.43068434708851067,0.48327399044110697,0.16467940808178735,0.26313271684384504,0.35499032528203167,0.28037703754975135,0.46449744653574837,0.3463568732256863,0.204722846764506,0.39237614983498137,0.231332275963126,0.2225537740137907,0.4568091399905743,0.47807087497486833,0.21198742995599298,0.43444777538636165,0.39054252038584236,0.295027851354628,0.28226402681995566,0.29556111585869566,0.19326731084747198,0.17354268974774067,0.49012071949068065,0.3020103786249437,0.20977461621261298,0.2344866266603083,0.403113380831992,0.37365959196374,0.2779306623049327,0.14863704990689044,0.428936394688471,0.4527742386074314,0.38814961977860035,0.24823406500883136,0.40778307272633435,0.224823823452959,0.2955598550561547,0.2916667254975461,0.3854741360748837,0.21742837725141764,0.239016809348395,0.29295496607791366,0.24943891359584167,0.3997452012587064,0.34776724740069404,0.6195700632489827,0.2787524873787626,0.25854624560762135,0.22241151773275733,0.37821087869993736,0.365560677471611,0.358642176204172,0.589145755758571,0.480098854412337,0.32136421906253265,0.339672089805693,0.24314539944296135,0.42148490938041805,0.3811732758187903,0.4858051478654097,0.20084939075205335,0.3732824456057313,0.38955002169780534,0.25179316286604364,0.29527163303585896,0.36107228332271496,0.33796915488536605,0.292382984146637,0.39305581040346066,0.3387333176648187,0.321092973682849,0.3596609689245123,0.32593313315439304,0.3313296292741327,0.4249005402443096,0.524096473701821,0.26920953067149933,0.34669255072475497,0.43441534189377834,0.4140628066872846,0.27631411390019767
28.0,0.358959565451008,0.20384737226016736,0.15744426144775325,0.2215415606286637,0.21470690949463533,0.18722797750624567,0.28240680460802,0.288644185480386,0.33268537816500265,0.2741212861801423,0.253738724535102,0.31957531082675333,0.18111156632098932,0.1629370647823782,0.31607803011523566,0.18283002221415767,0.41550317672062537,0.19600746729309734,0.15275171241007648,0.29749638709456666,0.3612759294247044,0.11332675934768348,0.21820394480326466,0.1447781211959964,0.17150645332101733,0.28110800080469,0.220020806175989,0.13656675267291993,0.35391603422426066,0.14430893592774205,0.1783372226600267,0.3164113276489507,0.251736645085942,0.11087145891949766,0.3682735793772463,0.34166150647820764,0.198908430268203,0.1617184442524969,0.2634627349677983,0.18077224053925867,0.11775151449380507,0.36597994154882135,0.23866558749769365,0.14422749191072234,0.16236088992689013,0.264690576609849,0.21013524532748504,0.18914122221128604,0.10050523451048939,0.27167872212749866,0.298352695194607,0.38279436788735904,0.19076036656586134,0.4101698978077613,0.16279700846795267,0.24251220853265734,0.17789052851350964,0.27677995430905206,0.16198579518101666,0.1398909790051621,0.235147123185402,0.18236307195981163,0.236557822501458,0.274855456570081,0.4967183481248066,0.28401961706969897,0.32230961697286736,0.19859197956233965,0.27474440190713395,0.24192648149373733,0.256659834140234,0.5448793902908112,0.39532003003538835,0.234550984896525,0.25494098537282633,0.21767036481448998,0.2798791353902117,0.2719379540852697,0.372411870999746,0.11364505889664246,0.34411200019679966,0.3795243467126747,0.1186712409273189,0.1465999975566162,0.2501855766763823,0.3295921488218743,0.22774991901612532,0.421987642748497,0.23399593020429701,0.21724204243851167,0.24134908672281566,0.258722670586695,0.22223246026620735,0.29685748333791634,0.4768350011523513,0.24971923680737565,0.15925339381078332,0.21711431660449734,0.29886038089926065,0.17911812949615133
29.0,0.36211896552011535,0.11656724101249742,0.07527374609997213,0.1467331652341549,0.13118738295483987,0.1276698938639482,0.23139260524075633,0.203751473558102,0.3123918270615837,0.2787399326698546,0.27939824249861833,0.24791338140791538,0.161038607417763,0.16455115791328734,0.24777615646897033,0.14730193300806935,0.285210955313689,0.19027848431653668,0.12564785640730355,0.325185204827883,0.33007173239984067,0.10383260443137417,0.23298261590438699,0.157894822583159,0.20931342531501465,0.22734497571628767,0.17667303402500334,0.09659177028398154,0.3211713664477913,0.0819421429946878,0.13945356090771788,0.24553011157674934,0.3026400504082167,0.08188073315403493,0.3296749486510983,0.3717938532975256,0.22960637913831136,0.18859974999370266,0.22387037661516165,0.16210925060299333,0.03903234367982177,0.34535252344717765,0.1883511273622027,0.152957977791504,0.11657168484955227,0.19112927986419434,0.29263757754629766,0.15282558162743493,0.09564040792119806,0.216105620705211,0.27495725940491034,0.25408179397574865,0.19677146254495068,0.34241036036190337,0.12728298278112002,0.1737311468140773,0.1691257519921867,0.2587202076910747,0.17031389491196566,0.13558939338746734,0.32265686709011465,0.10458051122003549,0.259668888819157,0.20567859733472768,0.45331403360497496,0.29525934849461466,0.22982640244149133,0.17202793050124665,0.20412073374008233,0.15171417358738434,0.12262828707425356,0.44084838241887736,0.37421424861565633,0.18856923182781002,0.250742238509755,0.18818405932310778,0.23288431326920567,0.273659230888717,0.3876578354886746,0.08600679716484512,0.329754647465655,0.3781642425072584,0.10302853469547606,0.061259226283717404,0.30065324489983797,0.32629871813545835,0.262166369455313,0.3450151776677337,0.17103941797876265,0.25492094794716197,0.284595312464671,0.19363182621343,0.19518609527296668,0.23106801000374166,0.3062205427165106,0.24633396733145765,0.12232392309601962,0.15682074799657966,0.30273965995962066,0.13833317984866217
30.0,0.48016913127989563,0.252593941880124,0.139373579448197,0.20612070931587634,0.16464482070722938,0.19880582712070302,0.1308288478192435,0.32849651148050335,0.2660832362804927,0.23126045887520133,0.3250770536364147,0.31216447354185833,0.20153718736168003,0.20101980391255367,0.34765418967777667,0.0869161762952111,0.21543882482250867,0.184553925155606,0.15208920341916202,0.38516610236907534,0.29169054370320363,0.08918050462909216,0.1643739585618147,0.1995462744642793,0.3578383137443157,0.2334987269886737,0.1158761206014131,0.09998900216384064,0.3052683843290257,0.18358439062828802,0.09978135227176456,0.25486059514075166,0.18237308402112531,0.05233911955145487,0.46936636490578837,0.5338387190415838,0.21837360889707402,0.25541953265608464,0.24665110364139067,0.17709608080874104,0.0486367110007871,0.341696808899362,0.2642233515653533,0.1675505577982317,0.12760782736402393,0.33002004510494864,0.336735475932757,0.23613807538401732,0.11241786209559086,0.252122217242096,0.2164850131930527,0.16242589852936465,0.11087328904687214,0.352784958573952,0.16384719861410932,0.21998952438009534,0.16494968997756676,0.38438534802929203,0.2108619678541017,0.13124425936214335,0.288379429319349,0.15691938829945165,0.23055259160935737,0.3075340421890853,0.5226498006847263,0.28637828790531566,0.2397116503264333,0.16345355562956734,0.22096828695978635,0.21850604546661997,0.20882675000263898,0.4288806344664083,0.38507163526832205,0.18790336457354465,0.2709870282234347,0.19517571682516632,0.3108162962814596,0.318778813811488,0.4869112069250126,0.10210247212375319,0.3538833100851357,0.35052382502049806,0.142692487851972,0.12157029273790787,0.2685842698899346,0.3197005099126453,0.16313757761979467,0.2389994944246873,0.242681460913218,0.248278914297138,0.27389730924142,0.210529959949554,0.193025840875501,0.299712244606134,0.23921754702731032,0.34380651752577096,0.14272994473395298,0.149157832909164,0.31760450733635465,0.13399015859564534
31.0,0.5759874605133423,0.24204816021817396,0.15778101132869768,0.2228881379453257,0.13312712433602103,0.3023355371825143,0.2095954228962973,0.3774898536426017,0.342110445496231,0.2701193305129073,0.42829488063713367,0.39453503066937096,0.21972370407746097,0.2808084428872007,0.37795544583842,0.07855615777662474,0.228361414431365,0.16570162096308416,0.21896921548907466,0.4531531153443867,0.2795972069107427,0.18390703192626234,0.17811149551117667,0.25776692802954065,0.401871912242807,0.24014647790885166,0.23015577802763865,0.17669011046939773,0.408896346548151,0.23555663109487468,0.16629012683416936,0.2761504103318693,0.29468837387950403,0.08857706891360284,0.378873486960351,0.5674029084090644,0.334440842246501,0.3302435957752334,0.3158781473844667,0.214271452760341,0.08356852901967364,0.3058220146650157,0.26844275565059666,0.254021008041288,0.247952455926711,0.3451652592514333,0.48356276183850994,0.22954496283688933,0.12233725034463816,0.270359475188171,0.252143433612931,0.25214315594940634,0.20867619683649166,0.38250805229064966,0.09486523504032003,0.313483571078877,0.2505672670824914,0.474050555201603,0.24030227479595834,0.17020922733138466,0.2902368250231333,0.2109847475018657,0.2968935492933887,0.37427301028480936,0.49041441926263135,0.2563441500298827,0.3366122826139737,0.1488826130670598,0.24989047649975868,0.21606690352005664,0.33365600607491963,0.31856495285854236,0.4954465025406547,0.2818789041068897,0.311586598525954,0.23028291643101836,0.332944439854634,0.29726162533290895,0.38402608608439337,0.15676554499971818,0.42953226086094837,0.37740018108867,0.21751980981101468,0.19234059796554034,0.33553827067077197,0.390571099152931,0.24846304235771366,0.28858955741858766,0.3104252382738913,0.2538368008617063,0.34926337160890797,0.18549162358100768,0.21803095100042,0.4165079803691856,0.2738669929238437,0.28610463378328904,0.24250439387775702,0.13114333853181834,0.35676618829517265,0.20913016749380933
32.0,0.5099786006705841,0.34625837333976195,0.16832040902943435,0.17687316347736667,0.21598045992033335,0.33776274125980765,0.20519429539004233,0.3999822282820673,0.43958608729222465,0.38262123849085833,0.41350248629461134,0.5236415947994836,0.23966239787485033,0.32610632705007064,0.4027224490915963,0.15170977796159815,0.3333641089433093,0.19407801697509733,0.27047517605698335,0.5080394120563629,0.26893823804768435,0.22719418041488734,0.23737068920678964,0.24493020830350734,0.433678325350009,0.3023900312879133,0.29108845504413233,0.198160636285434,0.44829742791929567,0.279572882637887,0.21715088065530333,0.2898348145835463,0.3413199710405763,0.09662606499019451,0.392615709985141,0.6017244891297052,0.37246084535675833,0.3497696220492057,0.4138903762434613,0.22541033893107598,0.13620215501078925,0.3642381499854223,0.3480105402866443,0.355326433139959,0.2378074008534917,0.37931213569544137,0.42566674737936766,0.25819862396062265,0.21124632799143936,0.34429289672048674,0.35168635563700534,0.31026643319469,0.21574225118309834,0.40725255466703497,0.15815647132700333,0.24897025107939164,0.29790143957027165,0.533824746063751,0.3230680433717907,0.2727512619395623,0.274115484205445,0.265367620448276,0.256753769731294,0.300905099860287,0.4458715029055576,0.3538950770874867,0.43062126436892134,0.15132059929644934,0.2520054888212467,0.24541311703656968,0.37367563092610095,0.4849067482750633,0.5613892175752273,0.4221286487570293,0.3603234785145277,0.2474446194546883,0.3987819903551713,0.3386612451359623,0.44775155910748166,0.13996303393109108,0.3835634006623893,0.4584021144946626,0.303646668848955,0.27516698393226063,0.2927170870766287,0.307820811606998,0.36747272905930234,0.2942704467306973,0.35801296229868534,0.40429482283436263,0.3933492737034337,0.25134509939421135,0.19193930575367532,0.4158162986333993,0.24619745483533037,0.4619003482359803,0.21820984470165303,0.16092005245156768,0.341653644719754,0.208842486292345
33.0,0.5846806121911029,0.25267391092097496,0.12154133052974973,0.21824143127209963,0.277536108629695,0.360311399608584,0.17181911893014634,0.49175578641509965,0.50191273392723,0.32358443853213364,0.4039202849078563,0.47727611293861044,0.277123398607594,0.347509229802263,0.36525417236608204,0.14124418912968897,0.2344623403382927,0.2327823838162343,0.273235384168757,0.3498701108493117,0.2666144087249493,0.18880229759642098,0.18173863120538436,0.2652918188717934,0.4964873071549114,0.29399795194442396,0.24385510678837566,0.19224617260354437,0.45236916059639104,0.2954708251243163,0.2892380638918923,0.28554913718501435,0.3067732800315883,0.1412856774410247,0.36184423218353173,0.5477423634358607,0.406225267927685,0.36981845378697065,0.426566678385859,0.20582449653249668,0.12819664201472467,0.3329873521029673,0.297060711509476,0.24185015582839534,0.2596417136261184,0.309298474013267,0.5093016329594807,0.238829860625434,0.21608833259623264,0.418950507584563,0.40848059484543103,0.229582160509227,0.25784764826313633,0.4240552718502793,0.148797830915196,0.22997651991338633,0.28391043631311197,0.4485630852426503,0.34063683114478965,0.3256575364467083,0.3609608985414953,0.28359132089382166,0.2708913299754067,0.22711869983220168,0.32212695567019634,0.4106129277002733,0.304219083141203,0.17710582675869166,0.265861905523396,0.18326479032369034,0.26205200280262403,0.32875108245549234,0.5801958180920094,0.255666825924257,0.3860090840240593,0.18803973916797234,0.43521561573829165,0.362642680121487,0.37986460744461664,0.1681952962793313,0.37705858054023,0.41325455013444906,0.253779611048299,0.335962787005635,0.2738827286716333,0.28060364475387667,0.2703019878437463,0.3003503748735077,0.28296023318084335,0.3574067139603347,0.3243573710868067,0.2583370784537417,0.127140454683352,0.294824615396935,0.21239496170254135,0.464527172531323,0.17887751930661175,0.20135947186684167,0.4071878570848661,0.23267505432958333
34.0,0.46421174690027,0.20640017444340578,0.08875963114579753,0.18202366936771633,0.27020519118473213,0.30089402190260767,0.17440548408684495,0.23073669836347666,0.34533058717413434,0.25668677710386034,0.31885841017184263,0.32769262217311035,0.22784547794764567,0.3373422495194716,0.264470002883886,0.080879822871949,0.19592835008188067,0.220263412031192,0.25492118695779803,0.373759789854525,0.21487524606379735,0.1445859145842208,0.175257255449177,0.22478829579656034,0.4330198776036997,0.2515748317684913,0.19893702614372133,0.16650781540450935,0.38000433171012965,0.20977804777161535,0.300222372599317,0.22063421320148136,0.27180881869270934,0.09514005000444346,0.26642804710904733,0.37497034454697803,0.31414835001823,0.13622057547346098,0.23986430926949098,0.183682710281694,0.07156543321943573,0.27782621968974935,0.2602551116871093,0.09074061433862617,0.18930394930507266,0.19201308106259632,0.4516469880077407,0.14976392979654699,0.14533902377070998,0.35899507335899966,0.34450753748977236,0.237270625470541,0.261655358479625,0.360228763174743,0.04880607450759691,0.14555345622850555,0.28280127834564533,0.4860173753312913,0.30461690361249666,0.4477845265164093,0.30174578578181305,0.16975278331738894,0.22329376347480634,0.16253573469743568,0.27350272510745033,0.40725419140582203,0.17992386082594236,0.21456479302565468,0.19033954632180464,0.09485270946701663,0.26966806114211267,0.263742511382104,0.3616348169070496,0.14515495874300177,0.4114505973209433,0.13114153313835894,0.32753563197380736,0.31508991410328696,0.24041554657709965,0.09674151019028214,0.39130139769601296,0.240979511211432,0.19459988823379767,0.204993339371752,0.19713394528579034,0.20426454305155137,0.18856797701514735,0.19762813006792102,0.24917646253296533,0.204111623074276,0.228179312912315,0.09779548002078337,0.0400338055212204,0.23299185199559566,0.14262932015689808,0.3576057135817976,0.18523897423388344,0.057260232013957336,0.34460372596877437,0.3035190079438857
35.0,0.38442281642136794,0.14057106551506113,0.049378660021674764,0.15710621464206834,0.1425913508382143,0.23274850383229065,0.1090956514329013,0.18704618624694366,0.18393896668795998,0.16432995689705734,0.23834272429333034,0.23909472496558068,0.155074451850995,0.28564804240812797,0.223825298503555,0.05759705765021373,0.16685126966078268,0.0798955305147338,0.15820165024897062,0.23411017277196333,0.15907739887444902,0.10319748361885463,0.12866130406531232,0.20002287981219333,0.412697432118821,0.27972399757864336,0.14119894801352534,0.13660460383527848,0.24983453902731934,0.16467412961880132,0.25328259753713334,0.155815877885876,0.2682652649016837,0.07738009517942683,0.21963120502404068,0.29798663033238265,0.17758279637263366,0.12029028858027317,0.18391197173951998,0.10195451326850284,0.0637569325720455,0.19061382419101766,0.206834241151285,0.08761334359232487,0.17652840097076436,0.13628060222379423,0.3581814988737177,0.153770348811686,0.10465884813872132,0.20929599487668835,0.16484727757677003,0.21517395779231266,0.14422661611023269,0.37372665079117295,0.011302085980994567,0.125160469448117,0.14333796351264935,0.38379187407642396,0.308367363413022,0.41552585522665336,0.246336974625651,0.16904445548406066,0.20164622100283935,0.12300083462438065,0.19799980763284233,0.27775951236517266,0.12157096904276199,0.16630376198811034,0.14730923850181868,0.044457664875508,0.20917880734723235,0.161363230188888,0.178730487452056,0.10645125971458047,0.204842497590626,0.0874632194729194,0.17390657222261566,0.25456051946031133,0.15766447837006634,0.13068802317965486,0.34331491024196464,0.205483119451671,0.14254567820189934,0.18646106378255567,0.14290400619072766,0.12315916694306721,0.096194334213627,0.13128000854253966,0.169277488044978,0.15090264552626234,0.2546939825463787,0.10271600857148931,0.009776864991454267,0.1044174157622097,0.12384160654791493,0.43386470044455333,0.14829119975329966,0.04516352106186533,0.356936205627777,0.22199513550497865
36.0,0.16612658890041634,0.10791625087219685,0.07477789826201918,0.12014034514277101,0.0831922051048245,0.23582530000402233,0.06398540699514116,0.19040288289569032,0.13204015391810844,0.12725071585282868,0.21391312927808936,0.15969428409798894,0.09981357540023134,0.186158043900961,0.12524037176280967,0.031112827962596235,0.13250707612126333,0.079917730880096,0.1300236094785007,0.241732298721131,0.143612309513378,0.09228370402629343,0.0849299469065161,0.12212223720809634,0.2754452266988933,0.22522047228813202,0.10564463236972538,0.12225227916971533,0.22291993031439236,0.13829330062505096,0.184732079724602,0.17308477909032827,0.18513116033718915,0.06331449064105187,0.1617522074378035,0.14224318636704594,0.11921094695815804,0.11174894423029173,0.19148337362667667,0.08460505170061038,0.06266745611558973,0.12207605670483752,0.152595763096765,0.055167363141661284,0.08356984757755133,0.08598616054942713,0.279559518258846,0.08718450244287836,0.058384264288636634,0.12208751187929064,0.08617495733958563,0.17376350831596477,0.15121079064147633,0.20930491898454065,0.0300221950370914,0.08991355239300602,0.11670716785441267,0.31170726419657796,0.17246968733797638,0.21236049591182002,0.13625330476501804,0.13542897244579233,0.17600432283686732,0.10398113866957814,0.19655087441717767,0.20517657005886158,0.0752469524038726,0.10040824305553797,0.10760902424187753,0.054280886269548634,0.27333156583349033,0.16741011073408532,0.1134350797883311,0.0624685446106348,0.1398452656599872,0.11029112908996673,0.17155211583133392,0.21021667463717564,0.19519300471355536,0.1231131170237552,0.351716246944149,0.13461620825773232,0.06025904426670627,0.12889545064487373,0.06928390113409616,0.09726543273537358,0.07030510073190403,0.14577700136304034,0.13550235877174424,0.13523482048148636,0.14036904819025742,0.10459308539425638,0.009969500283721339,0.09828452443588799,0.09764338823510484,0.31047999613710536,0.1428548023637667,0.060301458858752134,0.32853858133897096,0.19261558637286702
37.0,0.11581630788028152,0.04796739983656347,0.0738503479304647,0.12332424246525701,0.05829082737048321,0.1711241093922858,0.1450078514503345,0.10744287114128792,0.07160544710613687,0.06560485946073492,0.19050722522974806,0.09111080759421751,0.04240000026926227,0.09973217031257293,0.08778320258239534,0.02281204009861269,0.09191711348587102,0.04697357528783294,0.04771166826300686,0.15850350865372176,0.07832561715023746,0.0843039521340031,0.07664322595438854,0.08355012912748627,0.16929762243230032,0.1756055723039284,0.24684161040046648,0.12805968560625944,0.2595301764178777,0.09207973954924394,0.241872306903563,0.16357701892712553,0.1735032836757416,0.03981568463543924,0.09472282643305983,0.0693897328612424,0.0536758000810297,0.0886808295233961,0.1425483158518438,0.05174777928261783,0.08873061660023727,0.0866705715859473,0.254070701761513,0.0396070871380647,0.04857170686281417,0.07062887606923944,0.24855711817664736,0.08661854568702892,0.04403318905797576,0.1327193209693898,0.0750288441203528,0.17529645669018937,0.06792226977717754,0.0806237353695587,0.011787335494957066,0.08608390835507766,0.08275595236673453,0.22771809724930137,0.11075419439966916,0.1128030390042246,0.10326785579374553,0.11329497434561003,0.11591081603425779,0.04173188005484601,0.14866240989813084,0.16253431931526988,0.07565293462583086,0.06208130512597745,0.07485825553000533,0.024197599405641354,0.29615338979649136,0.0910829488558253,0.13449845483578043,0.03903773785616397,0.17039078602509403,0.09415813538567201,0.13438143537506955,0.17307787687119003,0.19469352235439832,0.09000791237918636,0.275257126463808,0.0800520654682389,0.07302284135763716,0.1187714534531853,0.0790071791394569,0.10179108446419897,0.0762105846395661,0.07127802172925012,0.10839958113825465,0.1100009191195167,0.22656102378711399,0.044298471757551756,0.011188034265132233,0.0495031891985274,0.11767607044097701,0.199430096230836,0.15982068377403766,0.019537369444026845,0.28625588162234067,0.25668517079801767
38.0,0.13520527858977663,0.06783640600948321,0.0404993094379293,0.07890107976041177,0.03132896413571234,0.12133956038534066,0.16474586348856574,0.0689195074271856,0.051320689251064,0.07395087961247958,0.20081163244951916,0.07926689837183402,0.03664858384135143,0.05884076342957972,0.08445061676190617,0.012022095182588033,0.0641400252923055,0.06199310672845957,0.06799078884601643,0.15239856358413492,0.038157092662446525,0.0767856898857073,0.09279159916495021,0.06246984386926977,0.11712384341734433,0.1434069000914501,0.21327742743319247,0.1175681234841897,0.23560023113690365,0.12884317052195335,0.163957259104241,0.19697239361678495,0.153521135773979,0.05035711589690297,0.142883680247725,0.09233880297632209,0.104098405994022,0.10057340843510272,0.0700942449987199,0.0515830993895512,0.0766435715198286,0.07029584415401476,0.17570792638164667,0.0317584038821151,0.05434711969329137,0.03752243315560007,0.10484366913151992,0.03825001919563393,0.03350104651189167,0.07794942247663217,0.07127348573024146,0.20926349592532267,0.08409373271803988,0.08127032097945437,0.020855868579917947,0.059167221993114666,0.055904549913518266,0.13932456115143801,0.09849851671136163,0.07659193448019526,0.08512176220601564,0.10641754595456736,0.0883273327563236,0.05888582625053534,0.22263992292246262,0.1012981839408673,0.049131070100684765,0.0402375032836422,0.09591336074019853,0.012321095098497867,0.270023663821793,0.04907432453168353,0.08070529432957779,0.06376653379602806,0.1205364799496938,0.14222627221784487,0.1032206872985293,0.07199420861473281,0.16780011966746292,0.04138895575215893,0.1859594832160453,0.08080465786539076,0.07095197441052116,0.15757073152700132,0.09197452598708554,0.09611875964693704,0.0727980535044304,0.09604359404781747,0.05824603955337293,0.06092101172369787,0.12420298900646143,0.04174303791160338,0.014420474207643202,0.06094014404748747,0.09408791088217099,0.27405488930884797,0.287640012450873,0.01663770972978737,0.311353473729404,0.2464890755726643
39.0,0.0625491220984118,0.09818824798267413,0.02206986191007838,0.10922267754012904,0.07191619877818257,0.12533475798846358,0.1816410350494655,0.08521313788495556,0.03515720921394317,0.05489628742411656,0.19650896487266553,0.06313055294704056,0.0168417999117649,0.041687803047088134,0.08440976188516476,0.023920124908901035,0.03900354006052593,0.04867190531139163,0.04496300377717217,0.12746607730965528,0.029803184280825807,0.0747512750870944,0.07210759962786657,0.030099136525622266,0.0905640920255276,0.09928894342012,0.20930580355651487,0.11016923635237173,0.20410485226039196,0.09822296577669666,0.13188682681975264,0.22276431902312557,0.08763089865146613,0.024406575564267494,0.12875631527026668,0.07782838678351227,0.06745306321510887,0.08199812057221555,0.03898073034268346,0.038467900598324396,0.06958000692406503,0.0527028830831626,0.19060135709735948,0.036583479081979835,0.06874784070468454,0.0529065387538498,0.10474904775052785,0.07375051983654407,0.0221207916059208,0.048169467908523944,0.0538078784449619,0.1509057174256491,0.09831949933517399,0.06250748233706203,0.006960796844466503,0.07346402030011716,0.06052351913685,0.12924199917527324,0.08772117299381627,0.08329384938703227,0.10061519765187737,0.05383228353210756,0.06760559101175154,0.0363256999738701,0.26413314561660234,0.06941893032808259,0.09283285992916657,0.060653161421357495,0.08653575113265873,0.015610164361700459,0.25836224012410963,0.03961414749790677,0.15080624533927187,0.053130054968276365,0.11891012983048614,0.17731742207312795,0.11653008314417601,0.08319327568312303,0.14867268146516174,0.06943709491346227,0.22872253401741835,0.06879217684959783,0.06255304773618216,0.22359646657942034,0.06309199065133134,0.16634095218161632,0.04348603234260826,0.15337883455458046,0.15560771457794045,0.06427870104680537,0.1157637732050288,0.022916912652314367,0.025506282690632376,0.07658981051140262,0.08393691278977174,0.22443841787136334,0.27603327476169665,0.019306552092395464,0.280113239659608,0.22111706038888032
40.0,0.04865560741409027,0.13563328214925377,0.020404471564910962,0.07488080140161867,0.0727699000027341,0.06333917551296524,0.24229956595374932,0.0568081046509821,0.03730666900469667,0.04251498957377803,0.16960189323393296,0.09879776641548603,0.0012134297430023632,0.058202220928308325,0.06228328382812579,0.035583753000026565,0.06003747196959697,0.0341206408828383,0.0589743780966753,0.08392330601160759,0.08460081488972897,0.10800164142804806,0.032719758943789805,0.03174934293942367,0.06497326608369909,0.09916025264568047,0.13580427654947752,0.20616343500606962,0.16822258410173527,0.06773055621071483,0.0982909374144777,0.20209352237714892,0.06468893920900957,0.01563472105277535,0.09606253523240806,0.25463742289629504,0.10633870969751284,0.07845418437622831,0.032342033101721894,0.02319243951438443,0.0368479021277156,0.036544035286823935,0.22623614690465796,0.01026087485884914,0.04570255344549969,0.0377775911315248,0.09492256067890587,0.10160117702390087,0.020917279186203116,0.04400432615279961,0.05996891347134259,0.07890802132637173,0.23529612673269965,0.05403113729488699,0.02839613489825257,0.232501190618063,0.05575916680507553,0.1934475345766793,0.053755106099067675,0.07416100246630403,0.14756866060871499,0.09694386350155293,0.07004085801784664,0.040247643550081,0.295778753157083,0.0761661653791043,0.06227566639817677,0.06135165788029317,0.08342255183176646,0.00809042342639713,0.228608210464567,0.061841681158271565,0.03842853278222937,0.09246681223129405,0.04950152731006436,0.12900906300046663,0.12329169117323811,0.07244951545439883,0.08843463236380462,0.07871810749192683,0.2489203243650703,0.08127842611615997,0.05457071268225324,0.23666603722621868,0.05684686127667843,0.1299474794544992,0.021335877459947885,0.15730564753528434,0.1977874041206077,0.018447392150886567,0.06722491128852477,0.005656662682512703,0.017661502354744837,0.05428299606832213,0.03712559946434402,0.28165714758378235,0.29233225177783667,0.023034856844378667,0.147946243737297,0.22780625931527268
41.0,0.04082283043772143,0.14975641424912703,0.05350049875204207,0.021325504788378344,0.061573588653326995,0.04871234829378224,0.256150750585514,0.06265400935396113,0.016190269075192346,0.023428400652366035,0.16063101419267675,0.10070121197997617,0.0003358481887045733,0.10656352573030688,0.021199678470290945,0.022149876066124747,0.041351047902405604,0.02622467265877997,0.05679197134753803,0.12607238536998994,0.12988560543356512,0.07722022963569901,0.09757458385450228,0.023405698409489115,0.11527807116713477,0.0782323261422442,0.09004431891827697,0.26888671316371765,0.1177201290203805,0.03236166680942446,0.08780933187250876,0.17360202400666847,0.0678756885354828,0.009834992268669534,0.08437445787928026,0.31055259179336603,0.05579178209824267,0.15467270315692302,0.0745512678731635,0.008601907817433299,0.03168624448601679,0.03701407432450027,0.2788037660554514,0.0021062643599659,0.03860348804250073,0.027246231415693132,0.1048084816025092,0.053583935929011596,0.03031537944872363,0.02642954313925802,0.05128317832347923,0.0523837142191755,0.15156201703938746,0.05672792724881457,0.025505586946406436,0.25368859580797026,0.08895642277022732,0.24966202460333534,0.10170442817846813,0.04348513524510178,0.10147998372857366,0.046104663165214915,0.058212017772978374,0.027099045603116628,0.22136659693155933,0.07446913981431434,0.07664027255965787,0.08602190601380282,0.05280662557480973,0.007964391663287813,0.26010386406789204,0.17434698257803405,0.023311114733378064,0.03514496823188327,0.0466965076312957,0.11139589572799409,0.1147604854987699,0.11539969578570257,0.07566438277000208,0.17480377311503334,0.221157651862346,0.07822051818499004,0.045610842634044434,0.262513111247934,0.0754631785195473,0.12076573998141131,0.025230524472965168,0.12434815153890483,0.14444613799711703,0.009599986711261036,0.07626591345915953,0.016501704190989234,0.03245501251372052,0.01893036748329782,0.020660880844981095,0.15684472654264656,0.16222460440902833,0.05150162880539833,0.22755816639085,0.14045263139491512
42.0,0.027895111345133273,0.104844247760787,0.09450006980463117,0.030001994554047232,0.08964374894125655,0.047193639930138066,0.13526724072694904,0.0232570746286313,0.03857424516368415,0.0243891337856323,0.16241863300003687,0.17723438166964697,0.00973677099839655,0.13395339599089115,0.02616204225054203,0.0201815983774319,0.12060356449810561,0.016622843862015534,0.11224679833273384,0.18039390987752543,0.06475188030580634,0.05750006723940973,0.05057663974123241,0.008837258002203063,0.09813560567754746,0.08456435782034837,0.09605935298056019,0.32221992688172435,0.08595238675009449,0.024754921277495668,0.11575631340831037,0.15965250749073787,0.06958846632302923,0.0073823908819597335,0.12372966175399502,0.2617390127764287,0.05914018819490933,0.23053052209631567,0.10703760899126884,0.0038441327266524974,0.03300271788104739,0.0434350602329019,0.25584453784404765,0.007487922270992667,0.07131172967010727,0.001988033211029147,0.08470692815494753,0.06243206646199123,0.014732288839312714,0.012544207433011835,0.0264334004812203,0.051209678940514335,0.15477420814202766,0.03868215798564704,0.04644703114817613,0.17763251285855108,0.06849141281319031,0.268127325188744,0.06220018646722362,0.02727882787283728,0.07289284497025483,0.07162247432633617,0.04980674470349994,0.008515874231878096,0.2619596696717223,0.0942022886060039,0.06492644379582836,0.09081502151801096,0.07229935131647601,0.0063020922737476335,0.2675753401403453,0.12134207791859326,0.007130245676128529,0.057295575659582536,0.06772231037314946,0.17163202367023597,0.11927172348680848,0.16759223592230585,0.02736637596987047,0.15268631414182832,0.235364176718546,0.0939576999389423,0.04277402243605866,0.24669532502328897,0.0695740100054781,0.04260863318190263,0.03392092495719217,0.17212217590540416,0.05129470133760323,0.007899885485594354,0.0948232317975895,0.0341542106514777,0.047547773574304,0.014592383057977434,0.015611226564422735,0.06457526739446706,0.16042963757653733,0.029292723943560833,0.280468046232896,0.07997417071877706
43.0,0.023508163473909466,0.03798046721421867,0.042646319502204995,0.034235543504678195,0.10881730120551864,0.0583591197072309,0.12856036573284432,0.0140008552525158,0.017342882361693568,0.0035295446158511335,0.08520312511269786,0.10321567776875144,0.011247157684642106,0.05676617736909357,0.033416515745783,0.01083457955677613,0.18350758906890066,0.002716373253020397,0.027941360845765765,0.214916699369619,0.02504362996871733,0.034581374596402654,0.07656532273637533,0.012889487224616336,0.10050511215258544,0.03119764355739667,0.08578755963847286,0.22177339273033167,0.13377431959544409,0.16139700825087452,0.07136038303408528,0.16273521278196743,0.05826808818571797,0.0045068332446639,0.173028813408401,0.07694267307928139,0.0726093887514555,0.16128287928263071,0.1715447461689397,0.012481509802351706,0.09730756793264154,0.05793719884908733,0.10117804500743872,0.0109627927245661,0.020498307739405933,0.000000000001,0.1457273405629946,0.0635844165616906,0.0065815022110884336,0.012747093014909101,0.01771681696528794,0.016901607357035265,0.14524413828643717,0.07880241853318673,0.04500322119278136,0.17632667810840671,0.02196003426578622,0.11701276909029996,0.1495729825817032,0.033653311336513024,0.12395417567528055,0.0132407787354369,0.04168444874010933,0.0011881361579084166,0.13892217053849365,0.19665882295540393,0.031357028978512065,0.11540872392832545,0.052200441576924134,0.023504923536087987,0.20990418072254172,0.0560684959044307,0.021093445068476203,0.033981898346644335,0.01872863729435819,0.12837370515669502,0.06968830837190666,0.17637604341221216,0.028798482423754768,0.11705267093407,0.15311823907001326,0.06562958826584236,0.07033456416683016,0.2548007029448897,0.06406299918871909,0.0817665067398249,0.006542628974993767,0.14599372759566848,0.04772772049417726,0.0045461717701148294,0.035282109410675576,0.05538909651231336,0.059182886743958,0.007396131224963899,0.048146241455865664,0.0931581401199536,0.15237214092180132,0.0090382795680149,0.160423093860174,0.04788837371243395
